Cus_id,Cust_First_Name,Cust_last_Name,Cust_mobile,Cust_email
1,Cleavland,Suttaby,+49 161 294 1523,csuttaby0@wsj.com
2,Tobie,Bernadon,+355 547 598 0977,tbernadon1@army.mil
3,Ban,Kinnach,+48 539 281 8925,bkinnach2@umn.edu
4,Thorvald,Mathers,+63 886 870 8038,tmathers3@elegantthemes.com
5,Lefty,Percy,+33 843 775 9314,lpercy4@rediff.com
6,Mychal,Grason,+86 109 105 4976,mgrason5@wisc.edu
7,Errick,Greenhow,+27 730 368 7568,egreenhow6@baidu.com
8,Aldis,Cattrall,+420 513 443 5216,acattrall7@blogs.com
9,Arthur,MacSorley,+234 863 781 4416,amacsorley8@cnn.com
10,Kelly,Tybalt,+86 112 132 8403,ktybalt9@123-reg.co.uk
11,Felice,Burry,+420 673 747 9276,fburrya@bigcartel.com
12,Conney,Petrik,+62 707 898 4628,cpetrikb@epa.gov
13,Gard,MacRedmond,+46 841 881 8020,gmacredmondc@nhs.uk
14,Crosby,Kondratenko,+48 184 217 9695,ckondratenkod@uol.com.br
15,Rolph,Kernan,+237 569 379 3650,rkernane@xing.com
16,Trevor,Pally,+7 754 440 7106,tpallyf@issuu.com
17,Staffard,Labb,+386 569 355 9374,slabbg@upenn.edu
18,Jarib,Cusack,+1 410 583 8178,jcusackh@huffingtonpost.com
19,Lev,Damarell,+93 830 416 3167,ldamarelli@craigslist.org
20,Flemming,Wadeson,+62 366 554 0858,fwadesonj@intel.com
21,Beale,Drillot,+380 731 841 3593,bdrillotk@army.mil
22,Lion,Tweddell,+66 764 658 8245,ltweddelll@youtube.com
23,Marve,Boss,+1 954 462 4926,mbossm@gizmodo.com
24,Artemus,Rousell,+229 671 763 7428,arouselln@shinystat.com
25,Mikol,Atcheson,+63 464 292 4519,matchesono@theglobeandmail.com
26,Adrian,Dabell,+86 261 337 0707,adabellp@virginia.edu
27,Lezley,Longworthy,+62 200 177 6704,llongworthyq@php.net
28,Harrison,Rannigan,+62 509 199 0095,hranniganr@ebay.co.uk
29,Eamon,Cavil,+86 208 479 1453,ecavils@cpanel.net
30,Chariot,Hedaux,+381 395 804 6458,chedauxt@harvard.edu
31,Norman,Rawcliffe,+48 965 925 4879,nrawcliffeu@163.com
32,Maurise,Caudwell,+375 994 418 7567,mcaudwellv@phoca.cz
33,Lenard,Gollop,+63 895 912 6531,lgollopw@jigsy.com
34,Piggy,Genicke,+98 641 342 2578,pgenickex@pbs.org
35,Pierre,Takkos,+7 213 251 0205,ptakkosy@usatoday.com
36,Lowrance,Haseley,+54 758 547 5416,lhaseleyz@people.com.cn
37,Vinny,Riche,+62 478 635 6056,vriche10@google.pl
38,Sonnie,Franc,+86 423 579 6959,sfranc11@unicef.org
39,Stirling,Chevins,+62 124 395 8607,schevins12@i2i.jp
40,Erhart,Hitzmann,+352 432 342 2530,ehitzmann13@nifty.com
41,Thibaud,Bartos,+86 908 168 7856,tbartos14@washingtonpost.com
42,Cooper,Auger,+86 826 611 7050,cauger15@globo.com
43,Ebenezer,Slateford,+63 650 640 4073,eslateford16@phpbb.com
44,Giustino,Gunston,+86 618 414 6143,ggunston17@jiathis.com
45,Massimo,De Bell,+420 771 432 4172,mdebell18@geocities.com
46,Duke,Ledgeway,+46 287 726 6801,dledgeway19@unesco.org
47,Maximilianus,Dossit,+55 523 805 7856,mdossit1a@intel.com
48,Esme,Flecknoe,+51 595 161 4600,eflecknoe1b@opera.com
49,Ker,Jeram,+62 174 999 2529,kjeram1c@oaic.gov.au
50,Blaine,Biasi,+86 271 130 4415,bbiasi1d@51.la
51,Jacky,Mation,+62 277 917 3007,jmation1e@java.com
52,Findlay,Ambroise,+7 801 550 9142,fambroise1f@newsvine.com
53,Isak,Hrachovec,+63 919 874 1734,ihrachovec1g@statcounter.com
54,Burt,Moxstead,+86 164 245 5717,bmoxstead1h@bravesites.com
55,Sigfried,Brock,+963 653 993 1727,sbrock1i@princeton.edu
56,Thebault,Picton,+86 951 535 2719,tpicton1j@fotki.com
57,Grady,Attew,+48 738 192 8636,gattew1k@cnbc.com
58,Sanderson,Lorriman,+62 995 962 7556,slorriman1l@hhs.gov
59,Gallagher,Blankman,+7 736 931 1698,gblankman1m@cafepress.com
60,Morrie,Joffe,+86 359 368 8007,mjoffe1n@seattletimes.com
61,Shurlocke,Surgeoner,+1 542 586 9995,ssurgeoner1o@cnbc.com
62,Jarred,Aikman,+86 499 665 6985,jaikman1p@hud.gov
63,Gordan,Dogg,+381 548 726 1598,gdogg1q@cdc.gov
64,Scotty,Malenfant,+420 601 989 9538,smalenfant1r@guardian.co.uk
65,Radcliffe,Dripps,+7 939 585 0983,rdripps1s@multiply.com
66,Demetris,Careswell,+86 359 634 5940,dcareswell1t@sbwire.com
67,Shay,Bidder,+60 124 370 3447,sbidder1u@miibeian.gov.cn
68,Merry,Sineath,+52 677 393 2117,msineath1v@oaic.gov.au
69,Ingram,Fargher,+63 435 783 1242,ifargher1w@taobao.com
70,Reece,Mc Pake,+1 212 122 1409,rmcpake1x@home.pl
71,Vladimir,Kettlesing,+380 153 282 7443,vkettlesing1y@harvard.edu
72,Mitchell,Witling,+682 674 502 3409,mwitling1z@sakura.ne.jp
73,Mortimer,Garmey,+7 716 782 8675,mgarmey20@livejournal.com
74,Vern,Maccari,+20 541 344 4546,vmaccari21@mac.com
75,Lennard,Clowley,+86 197 356 3550,lclowley22@bluehost.com
76,Kincaid,Sanbrooke,+63 881 773 2600,ksanbrooke23@wikispaces.com
77,Washington,Mullin,+62 204 230 6144,wmullin24@etsy.com
78,Jedd,Guidera,+55 978 516 6903,jguidera25@example.com
79,Aguistin,Spurling,+255 817 265 3207,aspurling26@google.com.br
80,Paxon,Friese,+62 597 880 7717,pfriese27@upenn.edu
81,Fabe,Boake,+7 702 433 7386,fboake28@opensource.org
82,Dewain,Losel,+7 950 181 2447,dlosel29@rakuten.co.jp
83,Guss,Bearn,+93 600 967 3688,gbearn2a@telegraph.co.uk
84,Arin,Schettini,+62 853 484 3091,aschettini2b@paypal.com
85,Nathaniel,Semrad,+86 942 352 1673,nsemrad2c@cloudflare.com
86,Kliment,Cleall,+66 747 350 6415,kcleall2d@ed.gov
87,Cesare,Applegarth,+93 649 296 2759,capplegarth2e@dagondesign.com
88,Peter,Eilhersen,+55 497 301 4677,peilhersen2f@independent.co.uk
89,Winnie,Smeal,+62 678 760 4522,wsmeal2g@telegraph.co.uk
90,Hernando,Tilberry,+380 469 478 3512,htilberry2h@gnu.org
91,Fabio,Jelley,+266 174 246 5171,fjelley2i@comcast.net
92,Moishe,Mandry,+380 530 438 1628,mmandry2j@seesaa.net
93,Solly,Roslen,+86 744 164 6058,sroslen2k@bbb.org
94,Brit,Eilles,+7 226 151 0079,beilles2l@discuz.net
95,Tedie,Ateggart,+351 887 827 4390,tateggart2m@slashdot.org
96,Keen,Spinozzi,+48 899 917 8470,kspinozzi2n@huffingtonpost.com
97,Ricoriki,Banville,+389 731 730 1456,rbanville2o@smugmug.com
98,Clyve,Buncher,+63 726 300 5119,cbuncher2p@bigcartel.com
99,Hasty,Catonne,+62 356 770 7868,hcatonne2q@engadget.com
100,Esme,Bram,+81 752 969 8109,ebram2r@bloglines.com
101,Cyrillus,Fowlston,+86 857 782 5497,cfowlston2s@patch.com
102,Hallsy,Fynes,+86 601 370 3364,hfynes2t@cornell.edu
103,Barnard,McCarrell,+63 238 134 8396,bmccarrell2u@java.com
104,Ulberto,Iwanicki,+55 935 794 4264,uiwanicki2v@senate.gov
105,Corny,Joney,+62 674 879 5980,cjoney2w@hibu.com
106,Somerset,Kiebes,+7 724 271 0413,skiebes2x@blogtalkradio.com
107,Barton,Ghio,+46 219 147 8640,bghio2y@dedecms.com
108,Terry,Bond,+962 961 243 5286,tbond2z@cornell.edu
109,Kylie,Buterton,+27 190 903 2543,kbuterton30@tinypic.com
110,Bran,Olander,+503 430 822 4161,bolander31@live.com
111,Andres,Marke,+86 354 743 4587,amarke32@mayoclinic.com
112,Fergus,Phelips,+63 615 292 2477,fphelips33@trellian.com
113,Charles,Jerdan,+7 916 722 0007,cjerdan34@prlog.org
114,Gerard,Cockin,+63 783 124 1116,gcockin35@cafepress.com
115,Garwin,Alcalde,+86 246 215 3565,galcalde36@prnewswire.com
116,Frazier,Pharo,+33 725 799 5606,fpharo37@cnbc.com
117,Orion,Stapele,+63 818 330 7958,ostapele38@sciencedaily.com
118,Decca,Stiller,+970 665 250 8325,dstiller39@netvibes.com
119,Torin,Yurygyn,+86 787 128 6151,tyurygyn3a@omniture.com
120,Andris,Wane,+92 300 179 8764,awane3b@youtube.com
121,Lindon,Saltmarshe,+63 119 766 2371,lsaltmarshe3c@weather.com
122,Shurwood,Cartwright,+86 186 813 9718,scartwright3d@nih.gov
123,Ely,Leonarde,+255 844 413 1593,eleonarde3e@mysql.com
124,Franciskus,Caudwell,+62 533 254 7271,fcaudwell3f@umich.edu
125,Justinian,Degue,+63 356 588 2988,jdegue3g@live.com
126,Cecilio,Grewcock,+30 294 343 1725,cgrewcock3h@fc2.com
127,Lammond,Isabell,+46 219 595 9289,lisabell3i@usgs.gov
128,Egan,Kamen,+380 985 875 0161,ekamen3j@columbia.edu
129,Emmott,Bellward,+62 215 419 0056,ebellward3k@zimbio.com
130,Kristoffer,Dauncey,+231 740 625 6866,kdauncey3l@nih.gov
131,Thaddeus,Clogg,+63 755 123 0604,tclogg3m@mayoclinic.com
132,Sandy,Bax,+63 378 360 0302,sbax3n@ifeng.com
133,Donaugh,Longhurst,+30 889 607 4499,dlonghurst3o@fc2.com
134,Thadeus,Pourvoieur,+33 130 133 8641,tpourvoieur3p@rakuten.co.jp
135,Inger,Riddington,+63 422 154 3164,iriddington3q@shinystat.com
136,Giacopo,Gritten,+62 889 194 3256,ggritten3r@mapquest.com
137,Gibbie,Agney,+62 863 146 0979,gagney3s@jimdo.com
138,Jimmy,Capper,+62 142 649 8713,jcapper3t@amazonaws.com
139,Wit,Durbin,+63 196 585 8021,wdurbin3u@sogou.com
140,Leif,Gandey,+1 748 858 0098,lgandey3v@people.com.cn
141,Iggie,Sowray,+964 827 793 0153,isowray3w@nymag.com
142,Baillie,Annell,+86 841 501 2925,bannell3x@so-net.ne.jp
143,Raoul,Scotfurth,+502 913 435 7456,rscotfurth3y@salon.com
144,Windham,Filisov,+63 512 962 7290,wfilisov3z@constantcontact.com
145,Dewain,Schoenrock,+850 494 689 3409,dschoenrock40@redcross.org
146,Chev,Cuthbertson,+48 554 888 5459,ccuthbertson41@mac.com
147,Chrissie,Eyres,+86 178 348 0269,ceyres42@google.com.br
148,Wolf,Beckworth,+504 921 650 0379,wbeckworth43@pagesperso-orange.fr
149,Cleve,Henker,+251 869 661 3102,chenker44@chicagotribune.com
150,Em,Dunkerley,+86 735 174 2817,edunkerley45@shareasale.com
151,Nealy,Andrasch,+86 821 503 3220,nandrasch46@arstechnica.com
152,Harrison,Tregoning,+86 934 121 0581,htregoning47@ucoz.com
153,Aharon,Greystock,+7 155 160 4600,agreystock48@topsy.com
154,Tyrus,Bracknell,+93 491 911 6922,tbracknell49@rakuten.co.jp
155,Hube,Hinkens,+51 847 440 9640,hhinkens4a@fda.gov
156,Pace,Skitt,+1 571 898 8676,pskitt4b@samsung.com
157,Emmy,Urwin,+62 509 259 7728,eurwin4c@yellowpages.com
158,Lamond,Hintze,+7 997 317 0666,lhintze4d@reddit.com
159,Maury,O'Sheilds,+63 565 789 3498,mosheilds4e@ask.com
160,Ogdon,Bahls,+94 537 344 0572,obahls4f@etsy.com
161,Sebastian,Currin,+255 932 330 4738,scurrin4g@naver.com
162,Skell,Porkiss,+63 589 728 9189,sporkiss4h@acquirethisname.com
163,Dew,Ceeley,+850 655 250 1452,dceeley4i@harvard.edu
164,Lucas,Leschelle,+44 150 764 2510,lleschelle4j@bing.com
165,Vinnie,Tippler,+81 112 755 7325,vtippler4k@apache.org
166,Etan,Bruhke,+380 775 120 7102,ebruhke4l@tinypic.com
167,Izaak,Purselow,+234 341 809 4142,ipurselow4m@ftc.gov
168,Finlay,Bassill,+63 248 817 3180,fbassill4n@ibm.com
169,Sean,De Antoni,+7 818 561 7629,sdeantoni4o@typepad.com
170,Peter,Cochrane,+502 947 597 4375,pcochrane4p@foxnews.com
171,Ezra,Windham,+33 285 503 1947,ewindham4q@ihg.com
172,Tim,Fallowes,+63 963 384 6774,tfallowes4r@pagesperso-orange.fr
173,Marcello,Paz,+374 561 212 3693,mpaz4s@noaa.gov
174,Grantley,Tumielli,+51 402 933 9214,gtumielli4t@home.pl
175,Herve,Gerrans,+62 575 661 2384,hgerrans4u@ftc.gov
176,Osgood,Pratley,+420 367 635 6339,opratley4v@usnews.com
177,Cointon,Binding,+86 618 333 2786,cbinding4w@multiply.com
178,Jephthah,Wipper,+30 956 279 5475,jwipper4x@newyorker.com
179,Cheston,Linstead,+48 423 548 8691,clinstead4y@miibeian.gov.cn
180,Sibyl,Binks,+380 849 651 0049,sbinks4z@mysql.com
181,Sutherland,Olohan,+381 742 164 8881,solohan50@dion.ne.jp
182,Alvis,Alders,+30 259 222 8067,aalders51@netlog.com
183,Gerardo,Lempel,+63 460 879 3339,glempel52@studiopress.com
184,Wiley,Butter,+63 263 142 4665,wbutter53@bloomberg.com
185,Judon,Streather,+242 514 954 0347,jstreather54@marriott.com
186,Rocky,Leipnik,+86 143 109 0089,rleipnik55@weebly.com
187,Sebastien,Frotton,+51 360 467 8400,sfrotton56@weibo.com
188,Alberik,Gosford,+380 299 372 7554,agosford57@hostgator.com
189,Humfrey,Duddridge,+48 766 613 5824,hduddridge58@lycos.com
190,Cletis,Dannatt,+86 203 367 4235,cdannatt59@g.co
191,Bevan,Nickerson,+62 894 210 0177,bnickerson5a@vk.com
192,Rip,Marlen,+63 721 669 9408,rmarlen5b@webmd.com
193,Abdel,Perchard,+63 227 660 3125,aperchard5c@simplemachines.org
194,Ario,Danielovitch,+55 253 679 7358,adanielovitch5d@storify.com
195,Paige,Fallow,+82 770 283 7399,pfallow5e@home.pl
196,Tull,Balchen,+7 718 666 4484,tbalchen5f@friendfeed.com
197,Vergil,Gerardet,+62 172 901 0257,vgerardet5g@mozilla.org
198,Nikolai,Ferraresi,+48 472 219 3353,nferraresi5h@people.com.cn
199,Brigg,Whale,+54 459 753 9726,bwhale5i@fc2.com
200,Gerik,Schuh,+351 227 373 5006,gschuh5j@newyorker.com
201,Andre,Prichard,+48 897 552 7997,aprichard5k@a8.net
202,Patric,Nevin,+46 787 263 1523,pnevin5l@ucoz.com
203,Cosme,Readmire,+222 177 858 3249,creadmire5m@pagesperso-orange.fr
204,Darrick,Seamer,+63 742 980 3873,dseamer5n@devhub.com
205,Ozzy,Rundall,+353 303 601 7404,orundall5o@booking.com
206,Kiley,Siburn,+63 645 449 4632,ksiburn5p@spotify.com
207,Justus,Trouncer,+46 137 802 6297,jtrouncer5q@hubpages.com
208,Griffie,Morffew,+63 171 500 1285,gmorffew5r@bloglovin.com
209,Findlay,Daouse,+86 111 681 8710,fdaouse5s@prweb.com
210,Carlie,Fullager,+1 954 340 9647,cfullager5t@army.mil
211,Roger,Caldecot,+86 487 332 1713,rcaldecot5u@eepurl.com
212,Lamond,Sawbridge,+47 728 153 7734,lsawbridge5v@vinaora.com
213,Raimundo,Dixcey,+58 569 874 3244,rdixcey5w@t-online.de
214,Dev,Edgcombe,+52 517 558 5105,dedgcombe5x@japanpost.jp
215,Dolf,Alyonov,+351 713 923 6883,dalyonov5y@github.com
216,Kort,Stait,+63 395 191 0899,kstait5z@nps.gov
217,Link,Rignoldes,+86 634 180 5670,lrignoldes60@weibo.com
218,Wally,Bengall,+86 359 282 9642,wbengall61@surveymonkey.com
219,Dalt,Haulkham,+886 654 197 9322,dhaulkham62@telegraph.co.uk
220,Anton,Emlen,+33 223 277 0857,aemlen63@imdb.com
221,Andrey,Peckham,+595 705 917 6751,apeckham64@twitpic.com
222,Vladamir,Dowsett,+86 302 903 0995,vdowsett65@xrea.com
223,Beau,Vasyuchov,+51 915 729 4237,bvasyuchov66@buzzfeed.com
224,Gannon,Mathys,+55 788 370 5459,gmathys67@sun.com
225,Chrissy,Dericot,+86 953 432 5038,cdericot68@earthlink.net
226,Staford,Becker,+62 635 470 5020,sbecker69@tuttocitta.it
227,Krishnah,Purslow,+86 498 246 0610,kpurslow6a@stanford.edu
228,Asa,Wilkie,+62 651 370 5995,awilkie6b@usnews.com
229,Killian,Bakes,+225 832 229 9517,kbakes6c@networkadvertising.org
230,Cammy,Antonowicz,+33 949 385 4607,cantonowicz6d@lycos.com
231,Damian,Prin,+234 659 715 9776,dprin6e@tuttocitta.it
232,Nealon,Bauser,+233 631 745 6316,nbauser6f@dot.gov
233,Kennith,Upfold,+53 917 667 8744,kupfold6g@ehow.com
234,Tobit,Svanini,+86 870 280 1684,tsvanini6h@kickstarter.com
235,Ernest,Janisson,+358 954 997 9769,ejanisson6i@cyberchimps.com
236,Eddie,Cromarty,+51 796 346 6656,ecromarty6j@theatlantic.com
237,Ham,Leverson,+1 339 232 6646,hleverson6k@barnesandnoble.com
238,Nicola,Richardsson,+48 585 435 4799,nrichardsson6l@answers.com
239,Archaimbaud,Pye,+380 324 634 6079,apye6m@google.com.hk
240,Rory,McKeevers,+62 978 654 6868,rmckeevers6n@quantcast.com
241,Purcell,Fielding,+7 683 600 5501,pfielding6o@reference.com
242,Val,Climar,+502 770 981 3572,vclimar6p@canalblog.com
243,Burk,Cawker,+389 887 729 6713,bcawker6q@redcross.org
244,Mallory,Schuchmacher,+27 513 559 0907,mschuchmacher6r@usa.gov
245,Mikkel,Ledson,+55 241 366 6057,mledson6s@dailymotion.com
246,Bald,Roughley,+62 746 769 2159,broughley6t@phoca.cz
247,Kingsley,Sugden,+352 648 412 3199,ksugden6u@woothemes.com
248,Skye,Lerego,+355 788 822 7337,slerego6v@netscape.com
249,Skylar,Wakelin,+370 564 184 6458,swakelin6w@themeforest.net
250,Bertie,Berth,+351 569 227 4631,bberth6x@a8.net
251,Temple,Poppy,+33 370 555 9175,tpoppy6y@nifty.com
252,Abramo,Dallon,+86 553 995 2424,adallon6z@noaa.gov
253,Mandel,Molian,+86 746 319 0519,mmolian70@netscape.com
254,Tibold,Hauch,+1 419 502 5733,thauch71@barnesandnoble.com
255,Leroi,Stronach,+1 619 860 5574,lstronach72@ycombinator.com
256,Maje,Buckingham,+51 182 195 9600,mbuckingham73@tamu.edu
257,Wake,Eisig,+374 229 240 7841,weisig74@creativecommons.org
258,Crichton,Wildes,+86 534 925 3397,cwildes75@census.gov
259,Garik,Kinnoch,+351 899 795 3898,gkinnoch76@taobao.com
260,Harlen,Wilderspoon,+385 988 936 5560,hwilderspoon77@trellian.com
261,Quintin,Isakovitch,+591 375 530 0142,qisakovitch78@utexas.edu
262,Lannie,Qusklay,+86 587 417 5839,lqusklay79@etsy.com
263,Eberto,Greenman,+351 604 420 6604,egreenman7a@microsoft.com
264,Kelbee,Windram,+86 194 847 7426,kwindram7b@squarespace.com
265,Leighton,Ouslem,+86 935 722 3419,louslem7c@addtoany.com
266,Harcourt,Matschoss,+86 573 920 8197,hmatschoss7d@oakley.com
267,Hubie,Bough,+57 841 823 8909,hbough7e@ask.com
268,Frasco,Alvarez,+62 311 378 7216,falvarez7f@dmoz.org
269,Ly,Thackwray,+86 268 937 9670,lthackwray7g@ovh.net
270,Fletch,Shakesby,+54 367 267 3178,fshakesby7h@artisteer.com
271,Ansel,Cargenven,+46 787 938 8958,acargenven7i@ezinearticles.com
272,Flin,Atyea,+66 654 598 7286,fatyea7j@tumblr.com
273,Terrance,Hugueville,+236 656 675 4087,thugueville7k@google.com
274,Clement,Henaughan,+7 849 341 3756,chenaughan7l@sphinn.com
275,Andy,Sarjant,+967 911 849 9728,asarjant7m@comcast.net
276,Leroy,Fuzzard,+62 807 636 8946,lfuzzard7n@wiley.com
277,Den,Bountiff,+351 844 186 5686,dbountiff7o@nih.gov
278,Fraze,Whitten,+86 791 562 3492,fwhitten7p@51.la
279,Renault,Huston,+54 895 782 0088,rhuston7q@google.it
280,Wood,Parres,+48 675 200 9738,wparres7r@opensource.org
281,Laird,Phifer,+47 474 357 9498,lphifer7s@tamu.edu
282,Georges,Mumberson,+221 858 780 4571,gmumberson7t@drupal.org
283,Levey,Hardingham,+63 994 533 0690,lhardingham7u@fda.gov
284,Broddy,Unstead,+49 266 516 5292,bunstead7v@google.nl
285,Dav,Cypler,+54 144 863 3943,dcypler7w@edublogs.org
286,Hershel,Beeton,+244 593 709 7656,hbeeton7x@taobao.com
287,Olivier,Rumke,+46 222 703 1362,orumke7y@rambler.ru
288,Benton,Deverick,+45 204 527 7159,bdeverick7z@bbb.org
289,Syman,Olivera,+86 932 279 0431,solivera80@businessinsider.com
290,Archibald,Anstie,+1 871 518 5747,aanstie81@intel.com
291,Aldous,Barnby,+1 559 510 0076,abarnby82@ucoz.com
292,Morly,Ollerhad,+36 665 567 7255,mollerhad83@altervista.org
293,Percival,Fansy,+62 813 664 6523,pfansy84@dyndns.org
294,Dimitry,Seakin,+86 200 400 0894,dseakin85@clickbank.net
295,Nicola,Elcott,+55 360 722 5271,nelcott86@newyorker.com
296,Paco,Siebert,+86 421 699 9805,psiebert87@phpbb.com
297,Axel,Busain,+52 801 333 0950,abusain88@flavors.me
298,Major,Zelley,+380 341 394 7199,mzelley89@blinklist.com
299,Jedd,Harpur,+358 881 877 4490,jharpur8a@livejournal.com
300,Kareem,Ghilardini,+1 626 635 4666,kghilardini8b@freewebs.com
301,Lamar,Garlinge,+63 957 432 9850,lgarlinge8c@vimeo.com
302,Filbert,People,+7 107 978 1369,fpeople8d@domainmarket.com
303,Shelton,McGaughay,+218 323 376 7163,smcgaughay8e@photobucket.com
304,Frank,Challace,+970 802 931 2800,fchallace8f@google.fr
305,Felicio,Jirak,+46 844 674 6272,fjirak8g@harvard.edu
306,Lowell,Eouzan,+86 925 696 0650,leouzan8h@miibeian.gov.cn
307,Luce,Parrish,+86 314 278 4292,lparrish8i@qq.com
308,Sander,Wardesworth,+359 893 353 5747,swardesworth8j@scribd.com
309,Guido,Hartill,+55 642 996 1511,ghartill8k@cbslocal.com
310,Dilan,Constant,+691 138 537 0398,dconstant8l@tmall.com
311,Alan,Garth,+1 935 174 0683,agarth8m@diigo.com
312,Bradan,MacLucais,+86 203 369 3830,bmaclucais8n@mozilla.org
313,Mayne,Beamson,+86 842 358 8774,mbeamson8o@reddit.com
314,Kevin,Barthelet,+46 170 950 4357,kbarthelet8p@umn.edu
315,Rooney,Sickert,+385 473 951 9130,rsickert8q@kickstarter.com
316,Cosmo,Huckfield,+86 150 221 7424,chuckfield8r@yahoo.com
317,Stanleigh,Jotcham,+86 436 188 6376,sjotcham8s@nsw.gov.au
318,Rodge,Maddyson,+52 407 589 9351,rmaddyson8t@geocities.com
319,Alfonse,Gude,+977 724 832 4667,agude8u@technorati.com
320,Levy,Stobbes,+7 508 357 3511,lstobbes8v@cnbc.com
321,Clevie,McTeer,+95 330 497 2356,cmcteer8w@latimes.com
322,Alvis,Trayton,+380 362 804 7140,atrayton8x@mozilla.org
323,Winnie,Brelsford,+86 685 813 5310,wbrelsford8y@comsenz.com
324,Gilberto,Gonnin,+7 771 386 9201,ggonnin8z@tiny.cc
325,Addison,Littledyke,+353 192 833 3986,alittledyke90@stumbleupon.com
326,Edik,Blay,+86 775 678 0229,eblay91@who.int
327,Frederich,Delgadillo,+1 206 440 2922,fdelgadillo92@oakley.com
328,Zebadiah,Gaynsford,+380 472 688 3351,zgaynsford93@i2i.jp
329,Kellen,Lartice,+55 177 270 7354,klartice94@t-online.de
330,Aguistin,Lorens,+66 855 327 1584,alorens95@simplemachines.org
331,Tripp,Hackleton,+86 357 954 8536,thackleton96@diigo.com
332,Greggory,Manntschke,+351 804 273 0911,gmanntschke97@google.cn
333,Kalle,Simmen,+86 780 317 6628,ksimmen98@google.de
334,Filip,Officer,+7 835 645 9204,fofficer99@typepad.com
335,Alford,Lochet,+1 892 542 1901,alochet9a@friendfeed.com
336,Artemis,Claus,+86 585 122 5246,aclaus9b@latimes.com
337,Nickolas,Pitsall,+1 206 796 2407,npitsall9c@squarespace.com
338,Hall,Elvey,+55 210 470 8669,helvey9d@free.fr
339,Web,Tome,+86 892 450 9284,wtome9e@geocities.jp
340,Odo,Firpi,+1 912 118 2002,ofirpi9f@timesonline.co.uk
341,Loy,Hurll,+86 408 748 3651,lhurll9g@woothemes.com
342,Christoforo,Flecknoe,+62 477 719 0824,cflecknoe9h@cargocollective.com
343,Burke,Barthram,+63 721 895 6283,bbarthram9i@sogou.com
344,James,Dornin,+380 766 140 5142,jdornin9j@comsenz.com
345,Levin,Holleran,+62 399 848 2720,lholleran9k@weibo.com
346,Caspar,Morston,+420 501 316 2317,cmorston9l@addtoany.com
347,Clim,Clemont,+230 380 739 5975,cclemont9m@typepad.com
348,Chick,Waterland,+7 406 868 1702,cwaterland9n@wikispaces.com
349,Omar,Burdoun,+261 590 544 1044,oburdoun9o@vinaora.com
350,Osborn,Egiloff,+375 380 734 1636,oegiloff9p@google.co.jp
351,Esdras,Imlock,+63 545 128 2948,eimlock9q@yahoo.co.jp
352,Frasier,Veare,+62 330 883 1864,fveare9r@behance.net
353,Enrique,Lindsley,+7 339 373 5717,elindsley9s@telegraph.co.uk
354,Pooh,Messenbird,+48 773 284 6985,pmessenbird9t@google.it
355,Neddy,Warsop,+33 660 348 3801,nwarsop9u@weibo.com
356,Pall,Steagall,+1 601 418 1787,psteagall9v@wufoo.com
357,Keelby,Ebhardt,+380 716 592 0095,kebhardt9w@yolasite.com
358,Chevalier,MacKeeg,+46 349 708 3720,cmackeeg9x@oracle.com
359,Adolf,Le-Good,+352 180 750 2529,alegood9y@vinaora.com
360,Hy,Warrier,+52 338 148 4888,hwarrier9z@weather.com
361,Andros,MacRanald,+380 859 188 0570,amacranalda0@alibaba.com
362,Hazlett,Simonard,+86 441 197 8842,hsimonarda1@myspace.com
363,Jeff,Birney,+380 618 645 2883,jbirneya2@oracle.com
364,Danie,Clerc,+98 257 306 6331,dclerca3@ebay.com
365,Justin,Lindwall,+86 472 670 7206,jlindwalla4@bravesites.com
366,Jed,Faloon,+66 898 681 8770,jfaloona5@dmoz.org
367,Frederik,Maffei,+55 535 482 7576,fmaffeia6@marketwatch.com
368,Fletch,Vauls,+86 340 686 9792,fvaulsa7@xing.com
369,Edd,Steabler,+375 925 288 3638,esteablera8@constantcontact.com
370,Weider,Klaves,+93 211 605 2315,wklavesa9@weibo.com
371,Kenton,Ambrogioli,+63 976 226 3909,kambrogioliaa@hp.com
372,Bary,Ethelston,+55 807 576 3552,bethelstonab@istockphoto.com
373,Ogden,Gatrell,+221 405 325 1308,ogatrellac@skype.com
374,Craggy,Carlone,+55 424 549 6066,ccarlonead@dyndns.org
375,Thurstan,Pryell,+351 808 551 6907,tpryellae@umn.edu
376,Rodrique,Sparrow,+36 354 188 5294,rsparrowaf@bizjournals.com
377,Shaw,Roache,+351 129 424 2267,sroacheag@prweb.com
378,Broderick,Benyon,+351 902 829 9394,bbenyonah@icq.com
379,Britt,Bilsland,+234 252 456 2908,bbilslandai@ted.com
380,Hewett,Jaqueme,+55 816 476 6530,hjaquemeaj@meetup.com
381,Hugibert,Cosin,+358 766 421 3691,hcosinak@go.com
382,Hogan,Rizzi,+374 887 506 6412,hrizzial@prnewswire.com
383,Tiebold,Beagin,+7 952 919 2183,tbeaginam@howstuffworks.com
384,Geri,Tanswell,+7 815 936 6991,gtanswellan@creativecommons.org
385,Winn,Jakubowski,+7 663 661 1824,wjakubowskiao@youtube.com
386,Brantley,Rebichon,+46 450 222 6251,brebichonap@csmonitor.com
387,Padgett,Ewles,+380 268 859 5127,pewlesaq@networkadvertising.org
388,Silvano,Considine,+375 539 223 5492,sconsidinear@google.fr
389,Cad,Stockow,+7 608 613 2870,cstockowas@mashable.com
390,Kristofer,Creese,+351 456 938 4023,kcreeseat@boston.com
391,Lyon,Tinklin,+63 426 316 7487,ltinklinau@bizjournals.com
392,Reed,Shuttleworth,+63 360 437 6470,rshuttleworthav@zdnet.com
393,Mahmud,Wippermann,+420 841 959 5214,mwippermannaw@instagram.com
394,Eddy,Bird,+386 428 460 1892,ebirdax@t-online.de
395,Zak,June,+86 872 439 0657,zjuneay@google.de
396,Hakim,Faiers,+1 922 667 9392,hfaiersaz@hostgator.com
397,Paxon,Killbey,+691 164 836 1761,pkillbeyb0@nature.com
398,Svend,Vegas,+27 912 363 0420,svegasb1@cpanel.net
399,Cori,Duncanson,+86 471 703 0866,cduncansonb2@independent.co.uk
400,Rodolfo,Fusco,+95 650 371 1304,rfuscob3@devhub.com
401,Pacorro,Immings,+504 899 712 7332,pimmingsb4@freewebs.com
402,Spence,Massow,+51 430 717 7668,smassowb5@epa.gov
403,Baxter,Labbet,+212 162 736 6048,blabbetb6@php.net
404,Edouard,Steven,+86 935 283 2566,estevenb7@cdbaby.com
405,Aldric,Mulvin,+86 727 384 8730,amulvinb8@cocolog-nifty.com
406,Ogdon,Bishell,+54 823 672 1076,obishellb9@discovery.com
407,Kim,Dumberell,+86 608 431 2843,kdumberellba@usatoday.com
408,Wendall,Marney,+7 806 331 1337,wmarneybb@google.pl
409,Finlay,Emmanueli,+228 249 811 6180,femmanuelibc@liveinternet.ru
410,Harlen,Hollingsbee,+86 579 162 5754,hhollingsbeebd@bloglovin.com
411,Fitzgerald,Farthin,+970 193 481 3936,ffarthinbe@mysql.com
412,Arvin,Hammerberg,+86 686 167 7995,ahammerbergbf@whitehouse.gov
413,Antoine,Redsall,+62 757 935 0606,aredsallbg@lulu.com
414,Roth,Thayre,+33 745 473 4596,rthayrebh@biblegateway.com
415,Alvan,Comber,+55 137 960 4351,acomberbi@home.pl
416,Denny,Jerman,+86 472 154 8410,djermanbj@flickr.com
417,Natty,Colleer,+7 376 954 3350,ncolleerbk@globo.com
418,Omar,Josskovitz,+57 632 996 7181,ojosskovitzbl@tmall.com
419,Haslett,Wozencraft,+380 757 900 2641,hwozencraftbm@omniture.com
420,Vladamir,Hoodspeth,+86 770 149 1073,vhoodspethbn@wisc.edu
421,Garvin,Ducker,+7 308 905 7316,gduckerbo@sphinn.com
422,Talbert,Leatherbarrow,+57 336 592 8342,tleatherbarrowbp@1688.com
423,Clive,Bergstram,+57 690 944 7134,cbergstrambq@utexas.edu
424,Matt,McKitterick,+359 975 552 0834,mmckitterickbr@ftc.gov
425,Homer,Trebilcock,+48 790 975 6861,htrebilcockbs@stanford.edu
426,Wayne,Redmond,+380 464 486 2264,wredmondbt@github.com
427,Ruddie,Fronzek,+86 500 528 8361,rfronzekbu@ow.ly
428,Sawyere,Loughman,+95 170 845 6072,sloughmanbv@furl.net
429,Timmie,Jinkins,+222 221 807 9647,tjinkinsbw@macromedia.com
430,Rhett,Dabinett,+267 248 956 5807,rdabinettbx@ustream.tv
431,Vinson,Petchell,+48 411 657 7248,vpetchellby@google.com.au
432,Zollie,Ahrendsen,+60 355 305 8120,zahrendsenbz@chicagotribune.com
433,Redford,Sheahan,+48 698 267 4658,rsheahanc0@ehow.com
434,Dani,Ashwin,+62 669 775 2137,dashwinc1@51.la
435,Raffarty,Shier,+1 214 729 6065,rshierc2@admin.ch
436,Moshe,Coit,+86 389 680 6294,mcoitc3@artisteer.com
437,Albie,Prescott,+86 135 397 4917,aprescottc4@linkedin.com
438,Ches,Coxen,+33 612 247 2240,ccoxenc5@soundcloud.com
439,Ethan,Hyndley,+7 433 634 5624,ehyndleyc6@mlb.com
440,Garreth,Skein,+86 332 376 6179,gskeinc7@ucoz.ru
441,Roland,Warmington,+7 537 333 2137,rwarmingtonc8@virginia.edu
442,Brand,Capozzi,+381 294 561 9222,bcapozzic9@cdbaby.com
443,Geoff,Bickardike,+251 889 517 7146,gbickardikeca@dell.com
444,Law,Preene,+46 749 525 8913,lpreenecb@liveinternet.ru
445,Micheal,Madrell,+86 757 837 0674,mmadrellcc@amazon.de
446,Graeme,Dirr,+269 654 362 3912,gdirrcd@bloglovin.com
447,Constantin,Paulmann,+51 741 597 0924,cpaulmannce@jugem.jp
448,Arel,Lineham,+351 374 936 9032,alinehamcf@msu.edu
449,Hilario,Daniele,+54 924 981 8433,hdanielecg@gravatar.com
450,Staford,Buxcey,+55 217 293 3851,sbuxceych@vistaprint.com
451,Sergent,Adin,+86 447 973 5978,sadinci@msn.com
452,Jedidiah,Domelaw,+55 956 654 8031,jdomelawcj@psu.edu
453,Dexter,Priddis,+86 610 241 0022,dpriddisck@tumblr.com
454,Dexter,Maharry,+30 928 132 9486,dmaharrycl@vistaprint.com
455,Ichabod,Reis,+58 335 886 7208,ireiscm@stumbleupon.com
456,Giulio,Chrichton,+62 273 504 2895,gchrichtoncn@e-recht24.de
457,Keven,Hammonds,+51 807 493 5622,khammondsco@goo.gl
458,Marietta,Gleeton,+86 562 154 7996,mgleetoncp@adobe.com
459,Palm,Mowsdill,+7 536 597 6747,pmowsdillcq@ox.ac.uk
460,Mata,Greder,+212 527 316 3487,mgredercr@dedecms.com
461,Patty,McClifferty,+86 683 901 3082,pmccliffertycs@cpanel.net
462,Hilary,Yves,+51 839 765 3491,hyvesct@npr.org
463,Remus,Ashmore,+33 996 689 4742,rashmorecu@list-manage.com
464,Rikki,Stanman,+63 369 490 4141,rstanmancv@ucsd.edu
465,Stevy,Anslow,+216 909 697 1649,sanslowcw@jimdo.com
466,Tannie,Hance,+48 928 227 9321,thancecx@smh.com.au
467,Chilton,Barriball,+994 363 767 2645,cbarriballcy@stumbleupon.com
468,Lowell,Redhouse,+7 566 699 2693,lredhousecz@gravatar.com
469,Culley,Jeandeau,+52 157 516 9009,cjeandeaud0@typepad.com
470,Lyman,Grosvenor,+46 534 959 2489,lgrosvenord1@theatlantic.com
471,Paige,McGarva,+972 550 743 8924,pmcgarvad2@jimdo.com
472,Kendrick,Jacqueme,+7 667 438 5796,kjacquemed3@google.com
473,Haze,Proby,+63 154 319 5404,hprobyd4@biglobe.ne.jp
474,Laird,Wren,+36 820 862 2916,lwrend5@homestead.com
475,Baxie,Chatters,+86 996 493 1018,bchattersd6@over-blog.com
476,Gabriele,Anfosso,+502 488 856 0905,ganfossod7@dion.ne.jp
477,See,Brandrick,+7 185 487 2549,sbrandrickd8@sitemeter.com
478,Bayard,Vials,+380 575 294 0979,bvialsd9@tripod.com
479,Brockie,Skaife d'Ingerthorpe,+51 710 310 6463,bskaifedingerthorpeda@delicious.com
480,Aubrey,Hallawell,+48 399 861 9075,ahallawelldb@cdbaby.com
481,Delaney,Heinish,+63 272 103 6633,dheinishdc@stanford.edu
482,Cyrillus,Dufall,+62 923 727 7453,cdufalldd@go.com
483,Mathias,Fruish,+63 896 545 3345,mfruishde@naver.com
484,George,Leckenby,+55 545 475 2766,gleckenbydf@mashable.com
485,Miner,Vasenin,+353 132 382 1146,mvasenindg@yellowbook.com
486,Arturo,McIlmorie,+86 634 677 0106,amcilmoriedh@liveinternet.ru
487,Noach,Woollhead,+358 821 964 5442,nwoollheaddi@nhs.uk
488,Kelby,Ferroni,+52 951 393 0911,kferronidj@slideshare.net
489,Laurie,Casoni,+48 784 980 6272,lcasonidk@google.com.br
490,King,Boyall,+260 866 354 7535,kboyalldl@ibm.com
491,Claudianus,Newrick,+1 630 506 9162,cnewrickdm@shop-pro.jp
492,Hilliard,Aitkin,+51 349 293 5309,haitkindn@ameblo.jp
493,Avery,Airy,+1 210 409 6642,aairydo@vistaprint.com
494,Antonin,Carrick,+7 351 234 1447,acarrickdp@biblegateway.com
495,Ivan,Milmith,+502 605 820 4260,imilmithdq@icio.us
496,Grover,Sugarman,+504 198 939 0346,gsugarmandr@xinhuanet.com
497,Angelico,Limon,+84 588 231 8657,alimonds@epa.gov
498,Enrico,McKeurtan,+86 263 779 3696,emckeurtandt@godaddy.com
499,Hallsy,Broadbear,+63 603 566 3457,hbroadbeardu@alibaba.com
500,Donalt,Mahaddie,+62 132 948 8133,dmahaddiedv@creativecommons.org
501,Jerry,Widdocks,+31 428 676 2399,jwiddocksdw@samsung.com
502,Ian,Jovicic,+962 968 295 3618,ijovicicdx@home.pl
503,Normie,Cloney,+7 778 303 2485,ncloneydy@phpbb.com
504,Gar,Durrans,+420 236 256 3382,gdurransdz@chron.com
505,Keenan,Irnys,+58 284 885 2096,kirnyse0@cnn.com
506,Grannie,O' Connell,+54 648 282 7446,goconnelle1@hud.gov
507,Lucian,Dagleas,+86 716 861 2373,ldaglease2@amazonaws.com
508,Worthington,Sowrey,+48 670 189 7891,wsowreye3@un.org
509,Dmitri,Antrag,+62 523 312 1871,dantrage4@wiley.com
510,Kurt,Everix,+7 101 559 0287,keverixe5@arizona.edu
511,Joseito,Rraundl,+970 433 794 1817,jrraundle6@china.com.cn
512,Abie,Duigenan,+52 235 736 8786,aduigenane7@whitehouse.gov
513,Leon,Darnbrough,+58 164 381 1320,ldarnbroughe8@last.fm
514,Kaine,Arnaldo,+62 800 555 9122,karnaldoe9@latimes.com
515,Stu,Werndley,+381 150 421 0006,swerndleyea@businessinsider.com
516,Herc,Barkess,+234 331 830 0375,hbarkesseb@dagondesign.com
517,Alva,Rallings,+351 697 489 2483,arallingsec@a8.net
518,Neil,Lewtey,+33 728 195 9974,nlewteyed@ft.com
519,Caz,Maxsted,+63 998 904 4868,cmaxstedee@paginegialle.it
520,Stern,Mucci,+55 675 939 8704,smuccief@sciencedaily.com
521,Harper,Lambrecht,+380 674 563 2964,hlambrechteg@etsy.com
522,Skyler,Yeskin,+86 522 230 0545,syeskineh@state.tx.us
523,Royall,MacGragh,+7 334 528 9908,rmacgraghei@seattletimes.com
524,Jecho,Abrams,+62 319 182 6917,jabramsej@yellowbook.com
525,Leupold,Boutell,+84 281 990 3498,lboutellek@clickbank.net
526,Mattie,Nettle,+62 987 561 2910,mnettleel@taobao.com
527,Faulkner,Junkin,+420 508 582 3373,fjunkinem@ocn.ne.jp
528,Saundra,Liff,+51 263 528 7780,sliffen@bigcartel.com
529,Callean,Garretts,+62 148 498 4649,cgarrettseo@deliciousdays.com
530,Wolfy,Course,+502 781 871 6931,wcourseep@tmall.com
531,Gilles,Issard,+49 756 327 9813,gissardeq@timesonline.co.uk
532,Obediah,Le Merchant,+84 394 733 2320,olemerchanter@homestead.com
533,Pace,Kinson,+252 141 894 4032,pkinsones@slate.com
534,Neil,Norrie,+46 527 316 6469,nnorrieet@home.pl
535,Hartley,Metts,+62 970 321 2290,hmettseu@hostgator.com
536,Jeromy,Cufley,+81 558 150 1077,jcufleyev@shinystat.com
537,Emory,Stebbings,+51 393 656 2286,estebbingsew@rambler.ru
538,Russell,Motto,+46 708 640 2616,rmottoex@homestead.com
539,Pauly,Keel,+86 925 991 9433,pkeeley@bravesites.com
540,Jesse,Outhwaite,+48 586 712 5449,jouthwaiteez@a8.net
541,Saleem,Sharpous,+86 493 562 2556,ssharpousf0@indiegogo.com
542,Elmo,Goad,+63 375 744 8161,egoadf1@google.nl
543,Johan,Bignal,+86 121 907 7352,jbignalf2@friendfeed.com
544,Hansiain,Bryde,+46 380 629 0038,hbrydef3@nymag.com
545,Sidney,O'Monahan,+86 609 568 6169,somonahanf4@oaic.gov.au
546,Wyatt,MacRorie,+86 406 886 1022,wmacrorief5@surveymonkey.com
547,Mateo,Indge,+256 355 852 0299,mindgef6@dailymail.co.uk
548,Lindy,Frankiss,+351 639 890 3182,lfrankissf7@washington.edu
549,Chrissie,Cleaveland,+55 481 565 2439,ccleavelandf8@google.co.uk
550,Garrot,Gilvary,+63 984 817 9186,ggilvaryf9@census.gov
551,Eziechiele,Fison,+55 366 325 8095,efisonfa@163.com
552,Darcy,Enrdigo,+86 134 713 0082,denrdigofb@engadget.com
553,Guthrey,Danbi,+1 772 550 4818,gdanbifc@myspace.com
554,Simmonds,Young,+7 501 752 2496,syoungfd@gravatar.com
555,Cleavland,Mundie,+86 151 684 3815,cmundiefe@squarespace.com
556,Averill,Jukes,+86 973 548 1796,ajukesff@exblog.jp
557,Derward,Physick,+86 599 897 4784,dphysickfg@ow.ly
558,William,Bracegirdle,+1 571 309 1877,wbracegirdlefh@dyndns.org
559,Ilario,Cobbe,+48 297 337 5467,icobbefi@washington.edu
560,Hillary,Heinke,+48 595 610 1511,hheinkefj@cnn.com
561,Kile,Verdun,+86 663 780 8320,kverdunfk@scientificamerican.com
562,Geno,Chable,+255 621 426 0447,gchablefl@example.com
563,Dory,Rosell,+7 369 667 4641,drosellfm@jugem.jp
564,Rip,O'Toole,+86 232 884 7656,rotoolefn@mlb.com
565,Andre,Knappitt,+56 644 780 0318,aknappittfo@harvard.edu
566,Mel,Winmill,+86 489 207 5171,mwinmillfp@opensource.org
567,Quillan,Padginton,+20 791 655 5340,qpadgintonfq@google.com.au
568,Rolph,Saw,+358 664 221 9176,rsawfr@tmall.com
569,Layton,Willoughby,+63 208 895 7494,lwilloughbyfs@forbes.com
570,Aksel,Lemerie,+86 244 751 2717,alemerieft@hugedomains.com
571,Justus,Davidwitz,+1 701 898 9740,jdavidwitzfu@qq.com
572,Wallie,Stillman,+81 658 288 2031,wstillmanfv@mayoclinic.com
573,Hunt,Hitscher,+86 850 377 8702,hhitscherfw@google.ru
574,Mile,Woolf,+57 894 211 5632,mwoolffx@topsy.com
575,Padraig,Colbertson,+33 127 565 2401,pcolbertsonfy@indiatimes.com
576,Sauveur,Dureden,+86 206 229 3413,sduredenfz@squarespace.com
577,Roddie,Bembridge,+1 247 456 1747,rbembridgeg0@webs.com
578,Garrott,Baigent,+86 300 332 0721,gbaigentg1@amazon.co.jp
579,Inglis,Dominguez,+66 647 129 4133,idominguezg2@reddit.com
580,Roldan,Ricart,+62 264 316 5894,rricartg3@washington.edu
581,Louie,Tollerfield,+86 550 189 2867,ltollerfieldg4@soup.io
582,Goddard,Eddicott,+358 440 669 6038,geddicottg5@ezinearticles.com
583,Alon,Stoffersen,+62 482 678 2274,astofferseng6@taobao.com
584,Delainey,Glander,+1 713 703 7548,dglanderg7@redcross.org
585,Alexis,Brodway,+237 143 546 5304,abrodwayg8@github.io
586,Darn,Guiraud,+57 872 730 4405,dguiraudg9@mail.ru
587,Evered,Axcel,+98 650 308 8671,eaxcelga@icq.com
588,Ali,Bocking,+51 636 308 1538,abockinggb@google.pl
589,Ugo,Boraston,+81 349 169 6865,uborastongc@bravesites.com
590,Gustav,Tough,+63 711 597 0209,gtoughgd@techcrunch.com
591,Elijah,Carsberg,+86 593 194 3878,ecarsbergge@cpanel.net
592,Antoni,Hevey,+86 491 614 0699,aheveygf@arizona.edu
593,Buiron,Sunter,+45 795 294 4696,bsuntergg@bigcartel.com
594,Julie,Handyside,+81 730 317 2647,jhandysidegh@blog.com
595,Galen,Wandrich,+351 440 925 8731,gwandrichgi@feedburner.com
596,Troy,Steet,+66 992 813 3524,tsteetgj@yahoo.co.jp
597,Constantin,Colgan,+267 464 731 1001,ccolgangk@bbb.org
598,See,Noone,+20 292 492 5048,snoonegl@simplemachines.org
599,Rudy,Zannetti,+269 855 126 9514,rzannettigm@marriott.com
600,Sheff,Margach,+55 112 613 4019,smargachgn@prlog.org
601,Matt,Hofler,+55 991 337 4086,mhoflergo@utexas.edu
602,Benton,Buten,+63 406 969 9196,bbutengp@indiatimes.com
603,Edgar,Habbergham,+7 501 730 7266,ehabberghamgq@cbslocal.com
604,Fin,Annis,+63 100 951 1818,fannisgr@tinypic.com
605,Rudolfo,Dyett,+54 813 668 2029,rdyettgs@cornell.edu
606,Edlin,Johnston,+86 359 773 9047,ejohnstongt@diigo.com
607,Carroll,Mackett,+380 190 473 1736,cmackettgu@eventbrite.com
608,Terence,Coie,+86 600 414 9898,tcoiegv@wikia.com
609,Dory,Reedman,+504 417 925 6977,dreedmangw@diigo.com
610,Tripp,Moores,+57 814 940 1436,tmooresgx@businessinsider.com
611,Quill,Strahan,+48 444 536 8641,qstrahangy@tamu.edu
612,Gunter,Innman,+54 891 936 9338,ginnmangz@pen.io
613,Worth,Busson,+33 145 776 5886,wbussonh0@nbcnews.com
614,Kellen,Harrema,+224 263 752 0468,kharremah1@theatlantic.com
615,Rogers,Cahill,+63 908 298 2421,rcahillh2@nsw.gov.au
616,Pavel,Dellit,+52 618 566 3287,pdellith3@yellowpages.com
617,Dino,Dabney,+62 139 914 7147,ddabneyh4@elegantthemes.com
618,Tedman,Peaple,+976 104 823 4047,tpeapleh5@mail.ru
619,Tull,Royds,+86 814 852 0750,troydsh6@usgs.gov
620,Cozmo,Gravenor,+62 386 567 2509,cgravenorh7@a8.net
621,Ernie,Swindles,+48 470 681 6051,eswindlesh8@barnesandnoble.com
622,Angelico,Streader,+420 286 892 2542,astreaderh9@aol.com
623,Teddie,Loades,+62 640 644 5547,tloadesha@china.com.cn
624,Harlan,Biasioli,+48 641 297 3330,hbiasiolihb@blog.com
625,Enrique,Scutter,+55 788 429 4257,escutterhc@ftc.gov
626,Rurik,Petera,+7 781 162 9111,rpeterahd@amazon.de
627,Sawyere,Dispencer,+48 968 704 9286,sdispencerhe@sohu.com
628,Gunar,Messier,+255 740 313 0144,gmessierhf@123-reg.co.uk
629,Sidney,Huxtable,+62 573 300 3005,shuxtablehg@fda.gov
630,Cameron,Quakley,+86 987 627 8106,cquakleyhh@gravatar.com
631,Baxie,Howlin,+966 335 750 6465,bhowlinhi@weather.com
632,Solomon,Baudichon,+46 915 919 2715,sbaudichonhj@ft.com
633,Kermie,Lansley,+420 954 162 9167,klansleyhk@mayoclinic.com
634,Bobby,Fellon,+227 426 970 2529,bfellonhl@chicagotribune.com
635,Quinn,Harses,+86 303 718 0181,qharseshm@aboutads.info
636,Zacharie,Wheelton,+251 250 601 8123,zwheeltonhn@pbs.org
637,Tomlin,Garvey,+81 150 878 9102,tgarveyho@ask.com
638,Ruperto,Brewers,+380 671 420 8721,rbrewershp@google.ca
639,Isador,Sibson,+234 169 643 7033,isibsonhq@soup.io
640,Zachery,Bramont,+86 568 602 6692,zbramonthr@jimdo.com
641,Eddie,Gribben,+7 985 283 3996,egribbenhs@nyu.edu
642,Hagan,Neesam,+62 514 858 2245,hneesamht@mapquest.com
643,Cosimo,Swyre,+52 840 831 9635,cswyrehu@eepurl.com
644,Reinaldos,Duny,+222 774 113 6888,rdunyhv@pagesperso-orange.fr
645,Pincus,Farron,+81 184 650 3513,pfarronhw@youku.com
646,Al,Biskupek,+251 912 653 4859,abiskupekhx@wisc.edu
647,Waldo,Wyley,+420 562 147 3177,wwyleyhy@feedburner.com
648,Wilbert,Souttar,+51 583 793 0913,wsouttarhz@php.net
649,Gregoor,Costley,+591 847 636 0408,gcostleyi0@instagram.com
650,Abbott,Padden,+62 836 455 9292,apaddeni1@biblegateway.com
651,Creighton,Dowdney,+84 918 566 7582,cdowdneyi2@unesco.org
652,Giraud,Mercik,+972 906 891 0184,gmerciki3@bloglines.com
653,Moise,Middlemiss,+385 843 226 1009,mmiddlemissi4@dagondesign.com
654,Hurlee,Aird,+81 580 867 9401,hairdi5@state.tx.us
655,Hermon,Jebb,+507 478 162 9561,hjebbi6@prweb.com
656,Bradney,Whissell,+51 503 355 8064,bwhisselli7@blogs.com
657,Reamonn,Clarke,+48 103 969 9608,rclarkei8@unicef.org
658,Barnard,Trayes,+62 343 548 2535,btrayesi9@nyu.edu
659,Borg,Tutton,+688 847 958 5157,btuttonia@pagesperso-orange.fr
660,Blake,Galilee,+977 379 518 1625,bgalileeib@theglobeandmail.com
661,Forester,Filpo,+7 675 416 6241,ffilpoic@usda.gov
662,Lanie,Bemlott,+505 239 892 3393,lbemlottid@parallels.com
663,Conant,Andrzejowski,+62 726 112 6127,candrzejowskiie@sogou.com
664,Edward,Croome,+63 147 844 6900,ecroomeif@blogs.com
665,Ripley,Ault,+86 745 730 9546,raultig@ibm.com
666,Daren,Klarzynski,+353 355 771 3310,dklarzynskiih@si.edu
667,Bartlet,Andreopolos,+86 549 335 9257,bandreopolosii@sogou.com
668,Randolf,Squibbs,+81 326 747 4224,rsquibbsij@psu.edu
669,Mike,Rosin,+353 252 125 3711,mrosinik@ihg.com
670,Nahum,Lamberts,+55 902 669 8179,nlambertsil@example.com
671,Bondon,Tulley,+235 583 224 1763,btulleyim@sfgate.com
672,Hailey,Biles,+55 528 374 2773,hbilesin@hhs.gov
673,Lawry,Udale,+7 279 565 3492,ludaleio@paypal.com
674,Law,Etter,+62 231 165 1650,letterip@wisc.edu
675,Bone,Palatini,+93 486 927 7835,bpalatiniiq@whitehouse.gov
676,Eamon,Houlridge,+380 233 526 4262,ehoulridgeir@4shared.com
677,Thaddeus,Helstrom,+389 404 104 4376,thelstromis@redcross.org
678,Nicolai,Gobbett,+86 986 173 6853,ngobbettit@woothemes.com
679,Florian,Brower,+62 577 103 7549,fbroweriu@bluehost.com
680,Randolph,Richardsson,+1 682 340 7407,rrichardssoniv@webnode.com
681,Dominick,Dowry,+86 916 352 8510,ddowryiw@wired.com
682,Valentino,Klosser,+54 843 282 4782,vklosserix@spotify.com
683,Courtney,Scarce,+1 504 176 0053,cscarceiy@google.com
684,Aylmer,Jefferd,+63 197 593 8736,ajefferdiz@free.fr
685,Udell,Slavin,+33 589 598 3683,uslavinj0@usgs.gov
686,Andris,Jeafferson,+48 476 519 1398,ajeaffersonj1@sakura.ne.jp
687,Ramsey,Gwynne,+673 505 487 1145,rgwynnej2@flickr.com
688,Prince,Cornelisse,+47 552 229 8965,pcornelissej3@addtoany.com
689,Trev,Grave,+62 160 221 5131,tgravej4@a8.net
690,Joseph,Paffitt,+54 111 629 7773,jpaffittj5@oracle.com
691,Tristan,Lancashire,+86 805 150 0164,tlancashirej6@smugmug.com
692,Benson,Parfett,+62 410 732 3208,bparfettj7@ibm.com
693,Willard,Liveing,+1 360 259 6366,wliveingj8@hexun.com
694,Thedrick,Crush,+46 621 557 7800,tcrushj9@dedecms.com
695,Erhart,Motion,+62 950 859 3527,emotionja@census.gov
696,Aguste,Arnao,+86 154 613 8845,aarnaojb@comcast.net
697,Hans,Casotti,+593 751 154 1053,hcasottijc@miitbeian.gov.cn
698,Temp,Boor,+63 787 451 0978,tboorjd@dmoz.org
699,Corey,Kingsly,+52 823 685 2920,ckingslyje@sitemeter.com
700,Dwayne,Delepine,+1 738 349 2029,ddelepinejf@disqus.com
701,Urson,Mabone,+55 570 173 3025,umabonejg@telegraph.co.uk
702,Jammal,Mathelin,+48 702 387 7419,jmathelinjh@ow.ly
703,Brnaba,Haythorne,+967 721 443 0343,bhaythorneji@java.com
704,Leeland,Finnimore,+51 148 545 1372,lfinnimorejj@sourceforge.net
705,Bastian,O'Bradain,+86 587 806 9618,bobradainjk@businessinsider.com
706,Mitchel,Shale,+48 903 981 8333,mshalejl@gnu.org
707,Gareth,Wanjek,+84 616 205 3686,gwanjekjm@merriam-webster.com
708,Homerus,Mears,+86 892 552 1386,hmearsjn@blogs.com
709,Gregg,Braundt,+48 218 342 0641,gbraundtjo@virginia.edu
710,Cristiano,Serjeant,+86 890 275 5359,cserjeantjp@tuttocitta.it
711,Gallagher,Lyddyard,+62 557 315 9208,glyddyardjq@unblog.fr
712,Titos,Tassaker,+7 625 513 5767,ttassakerjr@sohu.com
713,Udall,Martinetto,+48 483 458 8781,umartinettojs@cbc.ca
714,Dougie,Oppery,+39 245 955 8258,dopperyjt@homestead.com
715,Guthrey,Dowling,+46 593 568 7280,gdowlingju@linkedin.com
716,Thayne,Croux,+62 337 981 6708,tcrouxjv@imdb.com
717,Penrod,Mickleburgh,+86 886 691 0167,pmickleburghjw@go.com
718,Donny,Pender,+62 227 875 1993,dpenderjx@nba.com
719,Jayson,LeEstut,+33 785 276 1344,jleestutjy@howstuffworks.com
720,Everett,McKeag,+353 931 904 4719,emckeagjz@arizona.edu
721,Gamaliel,Scurrer,+62 545 677 0663,gscurrerk0@who.int
722,Leland,Sollam,+86 219 454 2665,lsollamk1@wordpress.com
723,Raynor,Toma,+34 623 110 8353,rtomak2@freewebs.com
724,Durand,Pretor,+380 548 469 0095,dpretork3@hud.gov
725,Vernon,Ollerton,+49 827 238 9754,vollertonk4@ustream.tv
726,Ham,Drysdell,+220 322 219 1030,hdrysdellk5@japanpost.jp
727,Den,Clendennen,+58 166 583 9277,dclendennenk6@list-manage.com
728,Avigdor,Michelle,+235 260 327 4728,amichellek7@oakley.com
729,Stacy,Boolsen,+7 486 109 5794,sboolsenk8@ask.com
730,Arnold,Sibbons,+62 832 621 8989,asibbonsk9@domainmarket.com
731,Archibold,Christophersen,+7 492 501 5633,achristophersenka@51.la
732,Everard,Kezor,+7 586 742 7598,ekezorkb@china.com.cn
733,Manolo,Knowlton,+62 147 912 1257,mknowltonkc@sitemeter.com
734,Orrin,Baskeyfied,+30 509 562 6739,obaskeyfiedkd@tiny.cc
735,Pembroke,Vossing,+234 581 257 4412,pvossingke@mac.com
736,Fabiano,Owlner,+62 261 904 5681,fowlnerkf@home.pl
737,Adelbert,Blackmuir,+63 446 143 8780,ablackmuirkg@wisc.edu
738,Kerwin,Craigg,+66 647 465 4865,kcraiggkh@hugedomains.com
739,Clayborn,Kingett,+504 200 462 3342,ckingettki@netscape.com
740,Trevor,Siveter,+241 831 443 3496,tsiveterkj@tripod.com
741,Lockwood,Nanetti,+86 192 824 4225,lnanettikk@un.org
742,Padget,Feaviour,+420 322 847 1396,pfeaviourkl@yellowpages.com
743,Purcell,Sobey,+994 367 514 6963,psobeykm@mozilla.org
744,Jed,Middell,+595 805 236 2837,jmiddellkn@ed.gov
745,Iorgos,Sillito,+84 195 111 8479,isillitoko@examiner.com
746,Goober,Retallack,+55 925 727 9969,gretallackkp@google.fr
747,Joaquin,Rosterne,+351 633 548 9993,jrosternekq@salon.com
748,Killian,McFfaden,+86 755 192 5638,kmcffadenkr@imdb.com
749,Kelbee,Marnane,+86 469 119 3883,kmarnaneks@mayoclinic.com
750,Ernie,Plain,+86 629 985 1183,eplainkt@comcast.net
751,Garrot,Abate,+689 849 470 9911,gabateku@phpbb.com
752,Mose,Ginie,+86 414 331 6472,mginiekv@cpanel.net
753,Harold,Ricarde,+389 242 571 3114,hricardekw@cafepress.com
754,Cozmo,Maskill,+33 276 250 4371,cmaskillkx@wufoo.com
755,Adam,de Keyser,+380 321 449 3249,adekeyserky@360.cn
756,Sergeant,Craydon,+82 490 447 6632,scraydonkz@shinystat.com
757,Carlin,Dametti,+1 202 493 6226,cdamettil0@icq.com
758,Jay,Lodwick,+62 129 126 7846,jlodwickl1@senate.gov
759,Rogers,Grzegorzewski,+86 476 396 3286,rgrzegorzewskil2@columbia.edu
760,Raimund,Garratt,+86 518 656 0308,rgarrattl3@ucsd.edu
761,Odell,Granham,+86 269 266 2545,ogranhaml4@blogspot.com
762,Troy,Faircliffe,+62 890 269 4088,tfaircliffel5@tumblr.com
763,Jermain,Kemball,+55 708 451 7259,jkemballl6@phpbb.com
764,Averell,Coldwell,+62 425 588 2218,acoldwelll7@rambler.ru
765,Raimondo,Yukhnini,+53 492 739 5887,ryukhninil8@pagesperso-orange.fr
766,Edmon,Gainforth,+86 432 135 3997,egainforthl9@dailymotion.com
767,Yorgo,Workman,+380 435 543 1047,yworkmanla@360.cn
768,Benton,Heater,+225 490 582 8736,bheaterlb@blinklist.com
769,Nefen,Tamplin,+63 687 544 7508,ntamplinlc@macromedia.com
770,Pyotr,Loadwick,+47 178 500 6071,ploadwickld@hexun.com
771,Ichabod,Sobczak,+234 811 242 1495,isobczakle@google.fr
772,Branden,Welds,+62 258 215 3129,bweldslf@amazonaws.com
773,Garrik,Portchmouth,+7 986 579 2465,gportchmouthlg@hubpages.com
774,Codi,Trenouth,+63 398 478 3166,ctrenouthlh@nymag.com
775,Nickola,Broddle,+995 447 174 1254,nbroddleli@sphinn.com
776,Ash,Squibbs,+55 946 481 7723,asquibbslj@jalbum.net
777,Natale,Halso,+86 419 168 3649,nhalsolk@wisc.edu
778,Geoff,Dadley,+46 961 615 3218,gdadleyll@fema.gov
779,Delmor,Discombe,+27 680 994 0359,ddiscombelm@4shared.com
780,Nico,Rymer,+507 907 258 1379,nrymerln@eepurl.com
781,Guthrey,Kowalski,+81 848 673 9385,gkowalskilo@uiuc.edu
782,Rey,Brammall,+86 304 330 8369,rbrammalllp@stumbleupon.com
783,Mark,Trippick,+962 735 437 0013,mtrippicklq@twitpic.com
784,Red,Sweeny,+48 665 650 1886,rsweenylr@jugem.jp
785,Craig,Mechem,+30 489 974 2194,cmechemls@goodreads.com
786,Clyve,Spickett,+595 950 394 0758,cspickettlt@shutterfly.com
787,Kasper,Adrienne,+86 465 411 0320,kadriennelu@etsy.com
788,Vincenty,Course,+993 672 154 4267,vcourselv@jiathis.com
789,Rosco,MacAless,+55 683 978 0920,rmacalesslw@vistaprint.com
790,Shelden,Dunbleton,+86 930 525 4663,sdunbletonlx@latimes.com
791,Gherardo,Henrych,+86 598 926 6667,ghenrychly@buzzfeed.com
792,Carver,Carmichael,+355 413 470 5007,ccarmichaellz@symantec.com
793,Ari,Sampson,+994 815 944 0423,asampsonm0@prnewswire.com
794,Ivar,Blaase,+967 177 175 9133,iblaasem1@friendfeed.com
795,Norrie,Simmonite,+86 910 327 9952,nsimmonitem2@bbc.co.uk
796,Scarface,Boldecke,+976 651 456 6112,sboldeckem3@ehow.com
797,Birk,Seivertsen,+47 826 214 5386,bseivertsenm4@aboutads.info
798,Chrisy,Smythe,+47 883 958 1757,csmythem5@apache.org
799,Mitchael,Pecey,+7 567 269 5192,mpeceym6@lycos.com
800,Nikolos,Burras,+7 496 674 1282,nburrasm7@homestead.com
801,Calvin,Pittson,+86 422 630 5198,cpittsonm8@alexa.com
802,Sayre,Tanfield,+976 664 707 9168,stanfieldm9@cnbc.com
803,Kenyon,Stoodley,+976 427 183 7147,kstoodleyma@discovery.com
804,Bar,Stanyard,+44 113 445 3134,bstanyardmb@wikispaces.com
805,Luke,Calam,+234 743 741 6959,lcalammc@github.com
806,Jacob,Bruckental,+86 156 287 8553,jbruckentalmd@guardian.co.uk
807,Benny,Harcombe,+54 692 603 7905,bharcombeme@bloomberg.com
808,Desmond,Dionisi,+62 391 981 6871,ddionisimf@nih.gov
809,Berny,Carse,+81 106 844 0831,bcarsemg@etsy.com
810,Dilly,Mercey,+66 282 484 0842,dmerceymh@dailymail.co.uk
811,Yvon,Paulo,+86 651 218 8361,ypaulomi@va.gov
812,Chip,Woller,+1 810 117 5386,cwollermj@miibeian.gov.cn
813,Georges,Hadcroft,+48 797 697 4357,ghadcroftmk@nydailynews.com
814,Rowland,Leall,+81 927 821 3725,rleallml@paypal.com
815,Toiboid,Wrightem,+55 470 770 6715,twrightemmm@bandcamp.com
816,Paton,Flay,+86 549 687 3627,pflaymn@utexas.edu
817,Tom,Brooksby,+387 194 361 8501,tbrooksbymo@howstuffworks.com
818,Cale,Gavaghan,+98 867 411 1220,cgavaghanmp@oaic.gov.au
819,Klemens,Rowth,+7 263 867 8254,krowthmq@bing.com
820,Dar,Blaszczyk,+62 645 581 6278,dblaszczykmr@liveinternet.ru
821,Ximenez,MacKenny,+1 816 547 8077,xmackennyms@unicef.org
822,Lonny,Tilbrook,+7 712 429 5502,ltilbrookmt@nymag.com
823,Andras,Warder,+54 665 872 9074,awardermu@mozilla.org
824,Maxim,Creasy,+34 116 388 8345,mcreasymv@baidu.com
825,Randell,Cavaney,+86 681 782 1304,rcavaneymw@hexun.com
826,Corty,Orr,+63 455 440 6239,corrmx@walmart.com
827,Kennith,Roofe,+47 803 853 4805,kroofemy@geocities.com
828,Ward,Abbys,+420 104 857 5371,wabbysmz@wired.com
829,Danya,Davidovich,+420 817 513 8327,ddavidovichn0@quantcast.com
830,Haven,Castano,+41 324 496 2828,hcastanon1@opera.com
831,Bradly,Zelner,+95 875 676 2847,bzelnern2@nasa.gov
832,Ricky,Jeakins,+86 620 700 4659,rjeakinsn3@furl.net
833,Armando,Macourek,+591 229 718 8378,amacourekn4@typepad.com
834,Frasquito,Bonfield,+965 527 303 6589,fbonfieldn5@google.com.br
835,Kelby,Kindon,+375 269 769 9379,kkindonn6@guardian.co.uk
836,Meredeth,Povall,+234 170 415 2862,mpovalln7@hp.com
837,Etan,Cassin,+389 148 362 8690,ecassinn8@mediafire.com
838,Todd,Halton,+86 204 265 9557,thaltonn9@google.ca
839,Vincent,Jeske,+7 801 703 0218,vjeskena@pen.io
840,Ambrose,Wakeman,+51 826 136 4476,awakemannb@prnewswire.com
841,Meir,Hearse,+502 592 551 3375,mhearsenc@nationalgeographic.com
842,Lionel,Crome,+55 531 701 9447,lcromend@scientificamerican.com
843,Marlow,Keating,+358 873 101 2880,mkeatingne@ucoz.ru
844,Nicolas,Streeton,+389 969 380 3395,nstreetonnf@tmall.com
845,Heinrik,Brevitt,+86 871 448 3383,hbrevittng@wikimedia.org
846,Buck,Nunson,+63 361 455 4504,bnunsonnh@quantcast.com
847,Jason,Pettis,+33 739 903 2899,jpettisni@abc.net.au
848,Tome,Waskett,+86 591 101 4210,twaskettnj@cdc.gov
849,Walker,De Lascy,+249 626 603 7190,wdelascynk@army.mil
850,Tedmund,Bedells,+86 921 147 1569,tbedellsnl@sun.com
851,Berkly,Grevile,+62 775 251 1393,bgrevilenm@slate.com
852,Towny,Gerty,+66 824 242 7325,tgertynn@businessweek.com
853,Lyon,Stobo,+385 390 877 8406,lstobono@creativecommons.org
854,Brok,Buckwell,+20 429 611 5067,bbuckwellnp@istockphoto.com
855,Buddy,Unwins,+62 511 695 8369,bunwinsnq@phoca.cz
856,Marshal,Cawt,+86 801 691 0867,mcawtnr@nytimes.com
857,Jamil,Deary,+55 242 944 8640,jdearyns@japanpost.jp
858,Conny,Poynter,+381 442 665 9255,cpoynternt@macromedia.com
859,Merv,Berthelmot,+86 317 351 4088,mberthelmotnu@elpais.com
860,Thacher,Johl,+55 372 400 7344,tjohlnv@edublogs.org
861,Mack,Castella,+1 189 213 6724,mcastellanw@ycombinator.com
862,Davie,Peppin,+850 385 783 1364,dpeppinnx@patch.com
863,Danie,Spyby,+48 574 565 4248,dspybyny@godaddy.com
864,Nevins,Bembrick,+86 170 703 6085,nbembricknz@desdev.cn
865,Benjamin,Aloshkin,+86 478 946 9212,baloshkino0@comcast.net
866,Karlik,Cornelisse,+86 113 149 0198,kcornelisseo1@bbb.org
867,Elston,Tremoille,+1 815 161 4320,etremoilleo2@cloudflare.com
868,Falito,Roizin,+86 185 830 2919,froizino3@upenn.edu
869,Cullan,Pepler,+63 360 742 3761,cpeplero4@phpbb.com
870,Arlen,Heiner,+234 848 980 8739,aheinero5@typepad.com
871,Nolly,Karel,+62 337 401 0903,nkarelo6@wp.com
872,Silvain,Geraldi,+1 405 804 4827,sgeraldio7@odnoklassniki.ru
873,Lorne,McKinnon,+86 737 681 7785,lmckinnono8@blogtalkradio.com
874,Alexander,Pittwood,+84 688 715 5267,apittwoodo9@huffingtonpost.com
875,Kennie,Smogur,+48 390 831 4879,ksmoguroa@newyorker.com
876,Lewiss,Stabler,+63 209 417 5975,lstablerob@histats.com
877,Benn,McNysche,+62 665 650 3239,bmcnyscheoc@uol.com.br
878,Claudio,Strippel,+244 146 712 7415,cstrippelod@github.com
879,Mortimer,Gethyn,+48 890 692 4165,mgethynoe@last.fm
880,Raff,Barham,+63 266 201 2410,rbarhamof@hibu.com
881,Xenos,Ivanishchev,+53 120 177 1572,xivanishchevog@sakura.ne.jp
882,Shea,Wrigley,+57 665 816 6950,swrigleyoh@netscape.com
883,Hank,Loveredge,+86 299 370 4822,hloveredgeoi@nytimes.com
884,Kelbee,O'Geaney,+1 642 573 4602,kogeaneyoj@walmart.com
885,Lothario,Neylon,+233 445 591 8135,lneylonok@pagesperso-orange.fr
886,Skippie,Coonan,+33 878 127 3906,scoonanol@php.net
887,Marv,Rosso,+992 117 766 1067,mrossoom@ca.gov
888,Bil,Eastup,+63 811 377 2614,beastupon@oaic.gov.au
889,Tedie,Gravenell,+385 883 569 1967,tgravenelloo@theglobeandmail.com
890,Mic,Lecky,+48 958 569 3297,mleckyop@imgur.com
891,Ramsay,Bette,+86 704 102 7866,rbetteoq@linkedin.com
892,Ive,Codman,+420 818 197 7472,icodmanor@wisc.edu
893,Alf,Van der Beek,+1 238 287 0150,avanderbeekos@behance.net
894,Tadeo,Mowatt,+27 820 164 1933,tmowattot@unesco.org
895,Alard,Patullo,+62 361 917 1643,apatulloou@printfriendly.com
896,Lammond,Delion,+62 826 747 5546,ldelionov@ca.gov
897,Hirsch,Gallanders,+81 735 894 7302,hgallandersow@epa.gov
898,Herbert,Lambole,+593 526 843 7389,hlamboleox@ask.com
899,Andonis,Chilton,+57 289 416 7325,achiltonoy@quantcast.com
900,Grannie,Gittus,+86 916 319 2214,ggittusoz@ustream.tv
901,Alain,Bernardez,+86 315 712 7336,abernardezp0@myspace.com
902,Tedie,Dainter,+86 775 125 1459,tdainterp1@blogs.com
903,Ewen,Wyburn,+251 969 689 0498,ewyburnp2@goodreads.com
904,Elmore,Gallimore,+255 543 823 3584,egallimorep3@imdb.com
905,Alaric,Bycraft,+232 778 716 0318,abycraftp4@nhs.uk
906,Danie,Crosby,+880 364 853 1168,dcrosbyp5@storify.com
907,Cortie,Fairweather,+46 759 899 8198,cfairweatherp6@vinaora.com
908,Ezekiel,Osgar,+46 432 287 0142,eosgarp7@networkadvertising.org
909,Lemar,Saffle,+63 459 221 4642,lsafflep8@omniture.com
910,Cristian,Maceur,+7 255 891 2405,cmaceurp9@skype.com
911,Micah,Putnam,+62 534 355 0351,mputnampa@cyberchimps.com
912,Lowe,Sutheran,+970 836 360 4632,lsutheranpb@desdev.cn
913,Borden,Gentry,+961 724 841 0024,bgentrypc@digg.com
914,Daron,Victor,+86 595 989 7455,dvictorpd@tinyurl.com
915,Killy,Timbridge,+62 879 245 8471,ktimbridgepe@microsoft.com
916,Lanie,Cleever,+33 865 441 9547,lcleeverpf@prnewswire.com
917,Egon,Yepiskopov,+7 949 751 7169,eyepiskopovpg@wiley.com
918,Abelard,Hicklingbottom,+33 400 703 6665,ahicklingbottomph@e-recht24.de
919,Purcell,Pellant,+351 796 356 3832,ppellantpi@hibu.com
920,Rhys,Mucklestone,+33 409 888 2180,rmucklestonepj@de.vu
921,Clevey,Toquet,+48 395 306 0721,ctoquetpk@jimdo.com
922,Cyrillus,Turfitt,+1 473 668 1929,cturfittpl@live.com
923,Gregory,Liggett,+62 142 297 3642,gliggettpm@symantec.com
924,Willem,Beet,+267 912 815 9481,wbeetpn@e-recht24.de
925,Moise,Pauwel,+86 126 414 0164,mpauwelpo@jigsy.com
926,Giacobo,Ramelot,+86 769 943 5858,gramelotpp@theguardian.com
927,Mace,Sibbert,+372 406 824 8126,msibbertpq@home.pl
928,Ronnie,Slidders,+385 461 974 6207,rslidderspr@tuttocitta.it
929,Rafi,Wharfe,+55 799 540 5714,rwharfeps@typepad.com
930,Gaspard,Davis,+48 765 355 3379,gdavispt@google.com.br
931,Ax,Gaenor,+358 761 971 8155,agaenorpu@vistaprint.com
932,Tyrus,Pelz,+63 251 840 4757,tpelzpv@printfriendly.com
933,Kale,Kuhlmey,+66 933 202 2983,kkuhlmeypw@imdb.com
934,Mike,Bogey,+63 747 623 5598,mbogeypx@shop-pro.jp
935,Nicko,Bertolin,+86 827 835 2802,nbertolinpy@comcast.net
936,Sunny,Rotter,+504 810 680 3328,srotterpz@cbslocal.com
937,Currey,Barmby,+63 325 271 1161,cbarmbyq0@4shared.com
938,Ewart,Inggall,+66 653 476 3406,einggallq1@lycos.com
939,Bryce,Stubbe,+504 783 371 0299,bstubbeq2@latimes.com
940,Cristian,Melliard,+63 387 581 4998,cmelliardq3@bluehost.com
941,Romain,Goodey,+63 697 792 6951,rgoodeyq4@tuttocitta.it
942,Valentijn,Whitemarsh,+359 158 986 6604,vwhitemarshq5@slate.com
943,Paul,Abden,+62 851 819 9763,pabdenq6@springer.com
944,Crosby,MacLure,+86 620 435 6180,cmaclureq7@geocities.jp
945,Chancey,Maestro,+62 664 792 4868,cmaestroq8@hexun.com
946,Bay,Siggs,+86 641 300 4220,bsiggsq9@ask.com
947,Tiebout,Hendrichs,+84 161 210 1216,thendrichsqa@studiopress.com
948,Emmanuel,Brounfield,+86 518 301 4647,ebrounfieldqb@engadget.com
949,Clayson,Egiloff,+86 300 686 1768,cegiloffqc@alexa.com
950,Henrik,Tully,+86 979 463 7324,htullyqd@uiuc.edu
951,Germayne,Stilliard,+880 816 467 6885,gstilliardqe@boston.com
952,Hastie,Questier,+62 276 973 1515,hquestierqf@bigcartel.com
953,Grant,McLese,+389 190 226 6798,gmcleseqg@1und1.de
954,Dannie,Metherell,+63 512 664 9066,dmetherellqh@alexa.com
955,Ferdie,Kerfoot,+7 843 168 6650,fkerfootqi@oakley.com
956,Ring,Vedekhin,+505 212 944 4478,rvedekhinqj@cbc.ca
957,Niel,Godber,+242 398 562 5781,ngodberqk@123-reg.co.uk
958,Barton,Overton,+351 241 418 3601,bovertonql@europa.eu
959,Irvine,Neeves,+86 190 314 8904,ineevesqm@networksolutions.com
960,Dean,Slamaker,+60 851 373 9195,dslamakerqn@tiny.cc
961,Elsworth,Challicum,+62 729 733 4974,echallicumqo@live.com
962,Rooney,Jeary,+218 185 360 6327,rjearyqp@about.me
963,Alphonse,Tyrer,+507 346 359 1917,atyrerqq@feedburner.com
964,Jack,Hencke,+7 172 625 8220,jhenckeqr@google.cn
965,Clerkclaude,Bockett,+7 577 437 7361,cbockettqs@is.gd
966,Robinson,Halford,+48 703 825 9796,rhalfordqt@freewebs.com
967,Garry,Grigorushkin,+251 874 925 6148,ggrigorushkinqu@yellowpages.com
968,Brade,Waterhous,+1 809 139 5897,bwaterhousqv@nytimes.com
969,Lyell,Darch,+86 765 823 5640,ldarchqw@utexas.edu
970,Parker,Sturton,+84 403 699 1644,psturtonqx@slideshare.net
971,See,Swaffer,+49 100 905 8008,sswafferqy@cnn.com
972,Dex,Hawsby,+358 132 392 4928,dhawsbyqz@woothemes.com
973,Patty,Issacof,+46 356 815 5565,pissacofr0@craigslist.org
974,Cornelius,Willison,+1 919 802 4683,cwillisonr1@bing.com
975,Werner,Studman,+30 519 535 9203,wstudmanr2@ow.ly
976,Sherman,Garritley,+81 282 549 0110,sgarritleyr3@gnu.org
977,Lonnie,Grabert,+380 260 347 4226,lgrabertr4@i2i.jp
978,Ody,Doyley,+57 477 729 7220,odoyleyr5@g.co
979,Rinaldo,Antoniottii,+48 180 714 6989,rantoniottiir6@sohu.com
980,Errick,Fleeming,+30 535 884 5990,efleemingr7@ask.com
981,Germaine,Reidshaw,+994 886 143 3489,greidshawr8@blogger.com
982,Fran,Auguste,+81 729 381 4021,fauguster9@hao123.com
983,Marc,Ovell,+86 392 719 2723,movellra@si.edu
984,Alan,Maestro,+30 700 211 7919,amaestrorb@chron.com
985,Kory,Larmor,+48 341 122 2630,klarmorrc@bluehost.com
986,Delaney,Jacks,+54 437 179 9635,djacksrd@comcast.net
987,Tiebout,Challinor,+92 862 304 5702,tchallinorre@rediff.com
988,Obediah,Berk,+86 126 694 9840,oberkrf@mac.com
989,Yorker,MacPaden,+1 815 537 9592,ymacpadenrg@jiathis.com
990,Gene,Durbyn,+57 999 302 5388,gdurbynrh@elegantthemes.com
991,Rodney,Davidovici,+353 273 555 7922,rdavidoviciri@nyu.edu
992,Virgil,Dameisele,+86 146 948 7297,vdameiselerj@angelfire.com
993,Tiebout,Hadwin,+51 117 357 0575,thadwinrk@mediafire.com
994,Mauricio,Sweedy,+7 635 709 1643,msweedyrl@pbs.org
995,Bronson,Wardhaugh,+48 907 893 5057,bwardhaughrm@google.it
996,Isidro,Klezmski,+62 638 345 4006,iklezmskirn@zdnet.com
997,Garrot,Plesing,+86 422 392 5402,gplesingro@amazonaws.com
998,Lazar,Campagne,+967 406 227 8455,lcampagnerp@exblog.jp
999,Feodor,Monson,+86 353 932 8278,fmonsonrq@un.org
1000,Forster,Gorse,+55 211 296 5387,fgorserr@redcross.org
